<?xml version="1.0" encoding="UTF-8"?><!--
        *** GENERATED FROM jax-ws.xml - DO NOT EDIT !                             ***
        *** TO MODIFY wsimport options USE Web Service node -> Edit WS Attributes ***
        *** TO CHANGE TARGETS GENERATED TO jaxws-build.xml COPY THOSE             ***
        *** TARGETS TO ../build.xml AND MODIFY THAT FILE INSTEAD                  ***

        --><project xmlns:xalan="http://xml.apache.org/xslt" xmlns:j2seproject3="http://www.netbeans.org/ns/j2se-project/3" xmlns:jaxws="http://www.netbeans.org/ns/jax-ws/1">
    <!--
                ===================
                JAX-WS WSIMPORT SECTION
                ===================
            -->
    <target name="wsimport-init" depends="init">
        <mkdir dir="${build.generated.sources.dir}/jax-ws"/>
        <taskdef name="wsimport" classname="com.sun.tools.ws.ant.WsImport">
            <classpath path="${libs.jaxws21.classpath}"/>
        </taskdef>
    </target>
    <target name="wsimport-client-toyWS" depends="wsimport-init">
        <mkdir dir="${build.generated.dir}/jax-wsCache/toyWS"/>
        <property name="wsdl-toyWS" location="xml-resources/web-service-references/toyWS/wsdl/localhost_8080/Store_Server/toyWS.wsdl"/>
        <wsimport sourcedestdir="${build.generated.dir}/jax-wsCache/toyWS" destdir="${build.generated.dir}/jax-wsCache/toyWS" wsdl="${wsdl-toyWS}" catalog="catalog.xml" encoding="${source.encoding}" extension="true" verbose="true" fork="false" wsdlLocation="http://localhost:8080/Store_Server/toyWS?wsdl" xnocompile="true" xendorsed="true">
            <binding dir="xml-resources/web-service-references/toyWS/bindings" includes="toyWS_handler.xml"/>
            <depends file="${wsdl-toyWS}"/>
            <produces dir="${build.generated.dir}/jax-wsCache/toyWS"/>
        </wsimport>
        <copy todir="${build.generated.sources.dir}/jax-ws">
            <fileset dir="${build.generated.dir}/jax-wsCache/toyWS">
                <include name="**/*.java"/>
            </fileset>
        </copy>
        <copy todir="${build.classes.dir}">
            <fileset dir="${build.generated.dir}/jax-wsCache/toyWS">
                <include name="**/*.xml"/>
            </fileset>
        </copy>
    </target>
    <target name="wsimport-client-clean-toyWS" depends="-init-project">
        <delete dir="${build.generated.dir}/jax-wsCache/toyWS"/>
        <delete dir="${build.generated.sources.dir}/jax-ws/store_server"/>
    </target>
    <target name="wsimport-client-generate" depends="wsimport-client-toyWS"/>
</project>
